full name,phone,email,age,expirience,Yearly Income,Has children,License states,Expiration date,License number
Claudine Sancraft,+13177091323,csancraft0@elegantthemes.com,44.1,12,378966,false,IN,06/14/2020,trig78
Pavia Treharne ,5049731, ptreharne1@squarespace.com,25,15,756813.1,true,LA|NY,2028-05-03,t5K64K
Harcourt Downey,1301852826,hdowney2@ucoz.ru,12,49,888169.73,true,TX|NY|LA,17/05/2020,ctMr22
Thurstan O'Halloran,15049731360,tohalloran3@privacy.gov.au,64,11,1844933.03,false,NY,2022-04-04,12gxaA
Sean Sterman,682739665211,ssterman4@homestead.com,65,21,349753.49,false,TX,2020-03-20,a4yz5k
Mycah McGilmartin,5135+612329,hDOWney2@ucoz.ru,51,20,14383.36,true,OH,2034-02-08,K6ds9nMotqz
Tod Peer,90167n67185,tpeer6@opera.com,29,39,903741.53, ,TN,2022-06-30,t7ml84uG
Harri Brolechan,7855193111,hbrolechan7@smugmug.com,49,15,768756.83,true,KS,2027-10-10,99Yqm
Ichabod Follett,8146159534,ifollett8@foxnews.com,64,46,722538.57,true,PA,2031-12-21,8nhd0q
Jaynell Bignal,+13177091323,jbignal9@loc.gov,65,5,844317.71,false,TN,2022-01-08,RLmxWEs7a
Joachim Lamberts,9152184285,jlambertsa@bbb.org,47,44,897168.73,false,TX,2032-06-25,594i2e
Franny Pea,4191085127,fpeab@skyrock.com,49,28,841901.31,ok,OH,2028-05-05,qMQ2w9
Franky Raund,5045533739,fraundc@hubpages.com,32,3,894447.1,true,LA,2024-05-29,m23zz9
Cliff Phillp,5135013994,cphillpd@taobao.com,63,38,348213.8,false,OH,2034-05-18,v50t86
Xymenes Hurnell,3176030316,xhurnelle@census.gov,58,4,147717.9,false,IN,2028-08-22,HBupP3
Desmund Ilewicz,9039385586,dilewiczf@sourceforge.net,41,20,988633.98,false,TX,2030-05-07,77onuk
Berkly Vannucci,2052306911,bvannuccig@weebly.com,27,49,219610.8,true,AL,2022-04-09,FoZSyDRRW
Dotti Alliot,9418867182,dallioth@deviantart.com,36,35,249368.06,false,FL,2030-04-21,2fsj56
David Wonfar,5303087126,dwonfari@who.int,47,48,133332.72,5,CA,2022-07-07,K9Tezl
Nollie Swateridge,9529888456,nswateridgej@oaic.gov.au,19,33,834941.98,true,MN,2021-10-03,zr89gx
Roland Giuroni,2051043994,rgiuronik@nbcnews.com,41,43,512599.91,true,AL,2033-05-30,123u56
Athena Roxburgh,2036574123,aroxburghl@gizmodo.com,31,48,704806.87,false,CT,2030-10-04,8bht56
Otes McNair,2128798687,omcnairm@tmall.com,16,13,437061.93,true,NY,2024-05-07,pC40eK
Neysa Rosenwald,9548343103,nrosenwaldn@dell.com,50,32,466700.05,false,FL,2022-06-26,QdEP2w
Yasmeen Cripwell,9164714802,ycripwello@psu.edu,56,7,654469.39,false,CA,2025-03-24,nStD0X
Anallise Kainz,7203317572,akainzp@twitter.com,34,17,592750.26,false,CO,2022-09-08,pg9S24
Harold Howchin,2318057057,hhowchinq@cyberchimps.com,23,2,227378.21,false,MI,2022-11-17,91c678
Denys Raise,4196557533,draiser@vimeo.com,21,3,437738.35,false,OH,2026-08-18,a5p9xv
Ranique Gilbanks,4141475477,rgilbankss@de.vu,31,24,67447.38,false,WI,2024-01-16,8r342
Morganne Cloney,9045826910,mcloneyt@gravatar.com,27,22,814979.3,false,FL,2024-10-31,78iM55